{
  "project_info": {
    "project_number": "822616763559",
    "project_id": "storage-firebase-apps",
    "storage_bucket": "storage-firebase-apps.appspot.com"
  },
  "client": [
    {
      "client_info": {
        "mobilesdk_app_id": "1:822616763559:android:91a68900f40f2090d77f82",
        "android_client_info": {
          "package_name": "com.goggxi.storagefirebaseapps"
        }
      },
      "oauth_client": [
        {
          "client_id": "822616763559-tpa0ktum90fcidc4j9iolpmrk35bgtt3.apps.googleusercontent.com",
          "client_type": 3
        }
      ],
      "api_key": [
        {
          "current_key": "AIzaSyCda7YPaVdoiOykvhY8UufHb8s5ladenIU"
        }
      ],
      "services": {
        "appinvite_service": {
          "other_platform_oauth_client": [
            {
              "client_id": "822616763559-tpa0ktum90fcidc4j9iolpmrk35bgtt3.apps.googleusercontent.com",
              "client_type": 3
            }
          ]
        }
      }
    }
  ],
  "configuration_version": "1"
}